<publishData><publishProfile profileName="mf-func-1757550168 - Web Deploy" publishMethod="MSDeploy" publishUrl="mf-func-1757550168.scm.azurewebsites.net:443" msdeploySite="mf-func-1757550168" userName="$mf-func-1757550168" userPWD="DqSdNkwrTNoAXk3ip7sMfmfhvftA9uBoylmFpja3fNjWsAtv3zpicrsr30it" destinationAppUrl="http://mf-func-1757550168.azurewebsites.net" SQLServerDBConnectionString="" mySQLDBConnectionString="" hostingProviderForumLink="" controlPanelLink="https://portal.azure.com" webSystem="WebSites"><databases /></publishProfile><publishProfile profileName="mf-func-1757550168 - FTP" publishMethod="FTP" publishUrl="ftps://waws-prod-yt1-041.ftp.azurewebsites.windows.net/site/wwwroot" ftpPassiveMode="True" userName="REDACTED" userPWD="REDACTED" destinationAppUrl="http://mf-func-1757550168.azurewebsites.net" SQLServerDBConnectionString="REDACTED" mySQLDBConnectionString="" hostingProviderForumLink="" controlPanelLink="https://portal.azure.com" webSystem="WebSites"><databases /></publishProfile><publishProfile profileName="mf-func-1757550168 - Zip Deploy" publishMethod="ZipDeploy" publishUrl="mf-func-1757550168.scm.azurewebsites.net:443" userName="$mf-func-1757550168" userPWD="DqSdNkwrTNoAXk3ip7sMfmfhvftA9uBoylmFpja3fNjWsAtv3zpicrsr30it" destinationAppUrl="http://mf-func-1757550168.azurewebsites.net" SQLServerDBConnectionString="" mySQLDBConnectionString="" hostingProviderForumLink="" controlPanelLink="https://portal.azure.com" webSystem="WebSites"><databases /></publishProfile></publishData>
